node,type,degree,in_degree,out_degree,betweenness,closeness,pagerank,kcore,community
A2M,protein,5,,,0.019176631023241374,0.007085600693022498,0.0011513904992125799,5,0
ELANE,protein,3,,,0.03687104571605827,0.007092775984863534,0.0015577317745471583,2,2
IL6,cytokine,19,,,0.06515445484288214,0.00709402534540868,0.023496723885892547,5,4
EGR1,protein,9,,,0.011465594437518656,0.0069857407496026975,0.01593489606101806,5,0
NCOR2,protein,1,,,0.0,0.00540232648287909,0.0017633271914640934,1,0
IRF3,protein,13,,,0.1338621319333485,0.007222842807461297,0.00463289679878857,5,0
APP,protein,2,,,0.0,0.0003629999854800006,0.015250125071961594,2,8
ABL1,protein,1,,,0.0,0.0006961364427427775,0.0037041590027973477,1,10
TP53,protein,1,,,0.0,0.000358150527252828,0.002119837686437374,1,6
BCL6,protein,7,,,0.0,0.006713536894676628,0.003914796874654031,5,1
SUZ12,protein,1,,,0.0,0.0067324755331082,0.0006375723106243893,1,0
CCL2,cytokine,20,,,0.048504614916393,0.007059363477485234,0.00730074233577023,5,1
ACKR1,protein,4,,,0.0073815251172018965,0.0069686669791155,0.0011599011511145688,3,1
CXCL1,cytokine,6,,,0.005911306984121409,0.006708225220438194,0.0033858432077979762,3,1
CXCL8,cytokine,47,,,0.20643542336078283,0.007186272675032922,0.026744360511520238,5,0
PF4,protein,1,,,0.0,0.007082329840684649,0.0005022451035593781,1,0
ACKR2,protein,9,,,0.0,0.0063281091470406186,0.005981911259003268,5,1
CCL14,cytokine,9,,,0.04322423752919072,0.007035777282825454,0.0030766664225595334,5,1
CCL3,cytokine,7,,,0.02910470036696926,0.007008992105647973,0.0026940526099349924,5,1
CCL4,cytokine,7,,,0.034215932435517016,0.007062767966864528,0.002472236225572622,5,1
CCL5,cytokine,18,,,0.016298526855477308,0.00698907458106306,0.010426701496277963,5,0
NFKB1,protein,15,,,0.08713003119531308,0.007152293140773549,0.006711850087323445,5,0
YY1,protein,1,,,0.0,0.006583757670319513,0.000818867631054795,1,0
CCL13,cytokine,7,,,0.00022884366641499708,0.006716755943804745,0.003665165046346875,5,1
ACKR4,protein,7,,,0.007110541440603069,0.0068107502031967615,0.004124124798372458,5,1
CCL25,cytokine,1,,,0.0,0.005871546099400909,0.0012419848767443373,1,1
CCL7,cytokine,12,,,0.033864473045025455,0.007088250739482246,0.005381020703658687,5,1
CCL8,cytokine,10,,,0.0005097770676405692,0.006728257718590529,0.0051233647505331045,5,1
SMARCA4,protein,2,,,0.0,0.006070568434872556,0.0026081367615925634,2,0
EZH2,protein,1,,,0.0,0.0067324755331082,0.0006375723106243893,1,0
IL7R,receptor,1,,,0.0,0.006695260984839076,0.0006864650616419404,1,0
REL,protein,7,,,0.039245518234333546,0.007088406686300707,0.002977051197054889,5,0
TRAF2,protein,2,,,0.0,0.006690672808896813,0.0011538972110864325,2,0
MAPK1,protein,1,,,0.0,0.006583757670319513,0.000818867631054795,1,0
MAPK3,protein,1,,,0.0,0.006583757670319513,0.000818867631054795,1,0
STAT1,protein,14,,,0.032765028473770774,0.007010212121680288,0.0047777579138978616,5,0
STAT2,protein,6,,,0.006879941940430413,0.006906376050083086,0.0026003715981902887,4,0
IRAK1,protein,1,,,0.0,0.006908745558323707,0.0004435901227266007,1,0
SNTA1,protein,1,,,0.0,0.0029307791938037353,0.0038276044806037092,1,9
AGO2,protein,1,,,0.0,0.006972135403095065,0.000540581216675495,1,0
RBM4,protein,1,,,0.0,0.006972135403095065,0.000540581216675495,1,0
PHF11,protein,1,,,0.0,0.0069842264228485405,0.0004746273214506219,1,0
STAT3,protein,7,,,0.047370199989465,0.006967913430489977,0.0032225838069533273,4,0
AHR,protein,3,,,0.00893280424209436,0.006880271399855344,0.0018562933145974004,2,1
IRF1,protein,18,,,0.06282402448802808,0.007147850229892979,0.0055670189380513995,5,0
PRDM1,protein,1,,,0.0,0.006743184368196443,0.0005328211064808603,1,0
IRF7,protein,10,,,0.0014192989541083577,0.006902824833688827,0.00435204323858122,5,0
CTNNB1,protein,3,,,0.060183250516507796,0.0071121906605246255,0.0006585491024808188,3,0
CREB1,protein,6,,,0.0023791547416290625,0.007019834610375973,0.0018835469556377404,5,0
NFAT5,protein,1,,,0.0,0.005549726106492568,0.001238917093107534,1,0
SMARCB1,protein,2,,,0.0,0.006070568434872556,0.0026081367615925634,2,0
CASP3,protein,2,,,0.0,0.006545637095453781,0.002350505891079702,2,2
KHSRP,protein,2,,,0.0,0.006981351010020066,0.0007548822722899442,2,0
ALDOA,protein,1,,,0.0,0.001252461074510393,0.0042165068398428715,1,12
IKZF3,protein,1,,,0.0,0.006649797715473902,0.000734849572984884,1,0
RELB,protein,9,,,0.004670517795375134,0.007013264020731955,0.004876683258566975,5,0
TRIM23,protein,1,,,0.0,0.0012820803221320403,0.0034413760700726863,1,13
RELA,protein,25,,,0.152551811727799,0.0071600815394556655,0.012315063438548933,5,0
RIPK1,protein,1,,,0.0,0.0062591422848455765,0.0008509527173119567,1,0
ANXA5,protein,1,,,0.0,0.006718156493440636,0.0007447454169191414,1,0
IFNGR2,cytokine,3,,,0.005750355556335926,0.006859324883703264,0.0012990327182360757,2,0
AP2M1,protein,1,,,0.0,0.006600482435261632,0.0008677124140108667,1,1
IFNAR1,cytokine,13,,,0.06935470183016405,0.006927313461888326,0.007770176276280054,4,1
IRF2,protein,6,,,0.015783482286563774,0.006962492687464635,0.00215291495485393,5,0
CXCR1,receptor,3,,,0.0028921508378253412,0.006663964364863615,0.0011111512332616605,3,1
NFATC1,protein,8,,,0.0030604182396010743,0.00688674224334016,0.0049543540816664846,5,0
EP300,protein,11,,,0.0,0.006178956889945458,0.009910701237926442,5,0
GATA3,protein,4,,,0.0011237336049022878,0.006941791073889342,0.007868332796919782,4,0
PIK3R1,protein,1,,,0.0,0.0065235042036167175,0.0006586498820423802,1,0
TNFRSF1A,receptor,1,,,0.0,0.0017197006122829008,0.008862417077490626,1,0
CASP1,protein,3,,,0.030274963566449528,0.00684489800536278,0.0035724121467277017,2,2
GZMB,protein,1,,,0.0,0.006973493552496127,0.0008174553167125659,1,2
CXCR2,receptor,4,,,0.0027879713682041917,0.006660107266256533,0.0016150585895332663,3,1
IKBKB,protein,1,,,0.0,0.00540232648287909,0.0017633271914640934,1,0
ATF4,protein,1,,,0.0,0.007031784829708767,0.0004759522838664099,1,0
ATF1,protein,1,,,0.0,0.006150764558673324,0.0010643340972070253,1,0
FOS,protein,4,,,0.0019870185357517022,0.007037314049154185,0.0013605815434091133,4,0
ATF2,protein,3,,,0.0,0.0066903949397268524,0.0015048766259294145,3,0
CREBBP,protein,8,,,0.0,0.006251369819213141,0.004458491067445866,5,0
IFNB1,cytokine,23,,,0.04660041320621096,0.006934171597633136,0.011261705333576153,5,0
IFNG,cytokine,20,,,0.06307569399329273,0.007034394766875378,0.014681330891537099,5,0
SMAD3,protein,1,,,0.0,0.00633806800787713,0.0007477084932840836,1,2
ELAVL1,protein,4,,,0.20254215464213177,0.007217665026376622,0.0008639572715416469,4,0
HNRNPD,protein,3,,,0.0,0.007085756523255466,0.0015410588545572183,3,1
MMP1,protein,4,,,0.0,0.005823786654961337,0.004038136645045939,3,1
BRCA1,protein,2,,,0.0,0.006531703714242221,0.000883848186527348,2,0
ZFP36,protein,1,,,0.0,0.007124300130736469,0.00048238656030615836,1,0
NFATC4,protein,1,,,0.0,0.005549726106492568,0.001238917093107534,1,0
SP1,protein,3,,,0.0,0.006765556866835203,0.002649031481134099,3,0
TBX21,protein,2,,,0.0,0.0041118132280769555,0.007282809505720139,2,0
RUNX1,protein,4,,,0.030796446192474503,0.007049940900908646,0.0027015544110600685,3,0
BCL3,protein,1,,,0.0,0.006835168744562149,0.0006488825556413217,1,0
CCL11,cytokine,11,,,0.05313943075869574,0.007084510073275563,0.003926110357437808,5,1
IFNAR2,cytokine,15,,,0.051099151932295056,0.00691156146199644,0.007798280273783815,5,1
IL3RA,receptor,1,,,0.0,0.006386057026726909,0.0008099656690581225,1,0
IRF4,protein,1,,,0.0,0.00681276641107219,0.0006312288768906978,1,0
IRF8,protein,3,,,0.0014573420188576545,0.006794233548689949,0.0012002105883009667,3,0
PTPN6,protein,1,,,0.0,0.006556292969606976,0.0009283013127657618,1,1
STAT5A,protein,2,,,0.011465594437518656,0.00679222829371616,0.000974429982748099,1,9
CMA1,protein,1,,,0.0,0.006973493552496127,0.0008174553167125659,1,2
BGN,protein,1,,,0.0,0.007022129573959854,0.0005211829978857161,1,0
BIRC2,protein,1,,,0.0,0.0062591422848455765,0.0008509527173119567,1,0
TNF,cytokine,45,,,0.25861353513715984,0.007229487706153256,0.04273401886208328,5,0
HDAC3,protein,2,,,0.0,0.005950711063524851,0.0017802201191121935,2,0
BRD4,protein,2,,,0.0,0.006963546060180385,0.0006612729620765558,2,4
CCL18,cytokine,9,,,0.04809082342750453,0.006880859155826628,0.01184208765972546,2,6
CTSG,protein,2,,,0.0,0.006892930322032135,0.001469749303297992,2,2
NR3C1,protein,6,,,0.04943315833523544,0.007116117791157037,0.0015970799141540868,5,1
GAPDH,protein,1,,,0.0,0.001183431952662722,0.0008511612327354441,1,10
PRTN3,protein,4,,,0.042267308131266126,0.006808159688792706,0.0030861025145898363,2,2
CSNK2A1,protein,1,,,0.0,0.0061758774197785285,0.0004503472937858408,1,3
IL37,cytokine,6,,,0.011500711112671851,0.006421184413114358,0.006441615822898941,2,2
CASP4,protein,2,,,0.0,0.006336073728857936,0.002824681758755771,2,2
CASP5,protein,1,,,0.0,0.006335699941250782,0.001304089905968357,1,2
IL33,cytokine,11,,,0.11908942461327764,0.007125718215468893,0.011438165543991121,2,2
CASP7,protein,1,,,0.0,0.006509927849196356,0.0020636726299991166,1,2
IRF5,protein,5,,,0.010877390128702613,0.006906376050083086,0.0018552368313236823,5,0
TRADD,protein,1,,,0.0,0.0062591422848455765,0.0008509527173119567,1,0
CCR8,receptor,2,,,0.0065141432409179505,0.006839957309621816,0.0005986355012522935,2,1
CCL1,cytokine,3,,,0.0060444577107439485,0.006824744203698998,0.0015440718950434009,2,1
CCR2,receptor,6,,,0.031419181898524516,0.0070112799841669975,0.002152140697480183,5,1
CCR3,receptor,8,,,0.055676025260595,0.0069222531177472076,0.002071830365330739,5,1
CCR5,receptor,10,,,0.0,0.006890571647898243,0.006394631691750287,5,1
PPARG,protein,1,,,0.0,0.006789794931982341,0.0006306990691863916,1,1
MMP12,protein,10,,,0.0,0.005892701534721377,0.009526630585583737,5,1
JUN,protein,10,,,0.021185597480963842,0.007082952627339651,0.003253577027665038,5,0
CCL16,cytokine,3,,,0.0,0.0063092732760041135,0.0019029196911388329,3,1
CCR4,receptor,2,,,0.005816491961207781,0.006661071122256529,0.000614126404679614,2,0
CCL17,cytokine,5,,,0.012947371809503741,0.006738530297459394,0.003916096836895307,3,0
EEF1A1,protein,1,,,0.0,0.000358150527252828,0.002119837686437374,1,6
TLE1,protein,1,,,0.0,0.000358150527252828,0.002119837686437374,1,6
CCL22,cytokine,8,,,0.021024792372658165,0.0067314909034625085,0.0044675547948171395,4,0
CCR10,receptor,1,,,0.0,0.0057485565527579715,0.0010240594533951965,1,0
CCR7,receptor,3,,,0.02795477557518189,0.00676413648623669,0.0006971841225210766,3,0
CCRL2,protein,1,,,0.0,0.00655682667411018,0.000494065716697783,1,0
CCL19,cytokine,16,,,0.011535827787825048,0.00664581990743453,0.01083967289761124,5,0
CCR1,receptor,10,,,0.01741494448638936,0.0069377551488463834,0.004052560191025817,5,1
KLF6,protein,3,,,4.682223353759532e-05,0.006812478308293357,0.0011831228936848802,3,1
VCAN,protein,6,,,0.011465594437518656,0.0064824222186718045,0.004298500326085922,4,1
CCL20,cytokine,5,,,0.02577168893649149,0.007035162764207831,0.002818364463225054,3,1
CTSB,protein,1,,,0.0,0.0068386506720528525,0.0007254063457602673,1,1
CTSD,protein,4,,,0.05246592219315339,0.007006858099091515,0.0010567919381931981,3,1
CCL23,cytokine,2,,,0.005745965971941777,0.006611860475536663,0.0011620207527401267,1,1
CCL24,cytokine,1,,,0.0,0.006778509795973702,0.0005452028428829893,1,1
CCL26,cytokine,7,,,0.03362860604357979,0.006988468193228772,0.008033563283387257,5,8
CEBPB,protein,7,,,0.0007462293470054255,0.0068901295761943935,0.0023727043178005604,5,0
POLR2F,protein,8,,,0.0,0.0035156238650491138,0.02366365158662656,5,0
PIGR,protein,4,,,0.006952516402413687,0.006906968274753489,0.001123077725697001,3,1
MMP2,protein,1,,,0.0,0.006840683435156288,0.0005930402481547215,1,1
SKP2,protein,1,,,0.0,0.005950711063524851,0.00046048305037470097,1,3
JUND,protein,3,,,0.00889798020590077,0.00696746137953432,0.0007819065314338962,2,0
CXCR4,receptor,1,,,0.0,0.0058301096413952555,0.0005182418994573221,1,1
CD4,receptor,1,,,0.0,0.006137173780190218,0.00045203658655065083,1,3
HSPA8,protein,2,,,0.09298017663687602,0.006728679262210514,0.0007787499555181394,2,0
IL4R,receptor,2,,,0.011649956982072936,0.007038697712946783,0.0006644271049786425,2,0
EGR3,protein,1,,,0.0,0.006583757670319513,0.000818867631054795,1,0
NFATC2,protein,5,,,0.0045739469387038436,0.006929250255122395,0.0033479444442458253,4,0
CD9,receptor,1,,,0.0,0.006254767896418746,0.0004469687082562207,1,3
CDC34,protein,1,,,0.0,0.005957973798702333,0.001837134794089189,1,1
CHUK,protein,2,,,0.0,0.006508744249862144,0.002054300473310776,2,0
CDK1,protein,1,,,0.0,0.0061758774197785285,0.0004503472937858408,1,3
IL16,cytokine,17,,,0.08989868839218303,0.006335699941250782,0.02413115152644374,2,3
NFKB2,protein,5,,,8.779168788299123e-06,0.007026877257037491,0.0021978447287116275,5,0
CSF2RB,protein,1,,,0.0,0.006932977903090593,0.0006538359055980491,1,0
CSF3,cytokine,2,,,0.005750355556335926,0.0023854392263904494,0.0038920918824215294,1,0
GABPA,protein,1,,,0.0,0.005950711063524851,0.00046048305037470097,1,3
IL18BP,protein,2,,,0.00047407511456815267,0.006463565492656048,0.0011779583849049619,2,2
IL4,cytokine,23,,,0.0524248064193282,0.007058280919062064,0.010200228410836237,5,0
MMP13,protein,1,,,0.0,0.0066046769118204675,0.0007955200077232655,1,0
PRG2,protein,1,,,0.0,0.007076263405425447,0.0004879826227212422,1,0
CRP,protein,1,,,0.0,0.006992715119097689,0.00045749608834380823,1,4
MAFB,protein,1,,,0.0,0.006036560603908831,0.0009120527874364635,1,0
CEBPG,protein,1,,,0.0,0.007007772514190579,0.0004811178735594201,1,0
CTCF,protein,1,,,0.0,0.006837924977979244,0.0005677389176226857,1,0
CSF2RA,protein,1,,,0.0,0.007025498236206411,0.0005323751227158838,1,0
ETS1,protein,2,,,0.024575819828045343,0.007080617741960443,0.0006106631442993111,2,0
IL2RB,receptor,2,,,0.011430477762365459,0.006240109798427836,0.0010679066666041204,2,0
IFNA1,cytokine,9,,,0.007121954360027858,0.006807728127969786,0.0037887749315298922,5,0
RBPJ,protein,1,,,0.0,0.007043005926472829,0.00045054310553520446,1,4
IL1RAPL1,receptor,1,,,0.0,0.00633806800787713,0.0007477084932840836,1,2
IL2,cytokine,32,,,0.11195722788966342,0.007082641220321521,0.018163966034872824,5,0
CSF2,cytokine,26,,,0.08650992923989952,0.007127767557020177,0.014102964778352288,5,0
CREM,protein,5,,,0.014941267360806277,0.00705472627791605,0.0015289835830324503,5,0
SPI1,protein,1,,,0.0,0.006765556866835203,0.000578616283950575,1,0
HNRNPC,protein,1,,,0.0,0.006689561470681353,0.0008431226226783745,1,0
SDC2,protein,1,,,0.0,0.006926122127185736,0.0006211601227051668,1,0
HNRNPA2B1,protein,1,,,0.0,0.006644175309585623,0.0008875151226730161,1,0
GNB2L1,protein,1,,,0.0,0.006630774832525747,0.0007141227156707605,1,1
CX3CR1,protein,1,,,0.0,0.006938950489154592,0.00044623328682954805,1,8
CXCL10,cytokine,12,,,0.03968476931270816,0.007104349388380103,0.005868001923576328,5,0
PIAS1,protein,2,,,0.0,0.006130517536151195,0.0011442853940762563,2,0
CXCL11,cytokine,7,,,0.0011155397140332087,0.006990439338520851,0.003934430581226305,5,0
CXCL2,cytokine,6,,,3.9506259547346056e-05,0.00688674224334016,0.0040821355583378575,3,1
CXCL3,cytokine,2,,,0.0,0.0060574432516577875,0.0018443697588613312,2,1
CXCL5,cytokine,8,,,0.0005094844286809592,0.006897652517928196,0.004513205151468766,3,1
CXCL6,cytokine,5,,,0.00012144516823813784,0.006410452628579905,0.003437686897307303,3,1
CXCL9,cytokine,4,,,8.779168788299123e-06,0.006067481763289317,0.005011161476798644,3,0
NFATC3,protein,2,,,0.0,0.006981653573555215,0.0013036414153871523,2,0
PCBP2,protein,1,,,0.0,0.006675977478966992,0.0006690339501800671,1,1
DPP4,protein,1,,,0.0,0.006640204223169886,0.0004998375953882441,1,0
ILF3,protein,3,,,0.0,0.0067720983082315885,0.0016264901226339748,3,0
MAPK14,protein,1,,,0.0,0.006878655588557101,0.0005041790214814958,1,1
EFEMP2,protein,1,,,0.0,0.00031033994917309876,0.0055131577099214926,1,3
FOSL2,protein,1,,,0.0,0.006793660497889847,0.00045330498633790395,1,7
IL15,cytokine,4,,,0.005767913893912524,0.006124457754907636,0.010498480780054097,2,8
IL27,cytokine,5,,,0.11589380717433666,0.00718835700034417,0.0013979940191599718,5,0
TCF7,protein,1,,,0.0,0.006932232052680381,0.0005406766061460284,1,0
EGR4,protein,2,,,0.0,0.00561608794143921,0.0025140053199101246,2,0
HDAC1,protein,1,,,0.0,0.006649797715473902,0.000734849572984884,1,0
TYK2,protein,1,,,0.0,0.006556292969606976,0.0009283013127657618,1,1
HNRNPA0,protein,1,,,0.0,0.006644175309585623,0.0008875151226730161,1,0
MSN,protein,1,,,0.0,0.007031784829708767,0.0004759522838664099,1,0
ELF4,protein,2,,,0.0,0.006022343391697528,0.001507617590857673,2,0
EMG1,protein,1,,,0.0,0.00668595216984013,0.0007618570278700391,1,0
TRIP6,protein,1,,,0.0,0.006560431453491601,0.0008248474981396542,1,0
USHBP1,protein,1,,,0.0,0.00031033994917309876,0.0055131577099214926,1,3
VCAM1,protein,2,,,0.0,0.006545637095453781,0.0007284152139709841,2,0
FBXW11,protein,1,,,0.0,0.005957973798702333,0.001837134794089189,1,1
GABPB1,protein,1,,,0.0,0.005950711063524851,0.00046048305037470097,1,3
FOSL1,protein,1,,,0.0,0.006793660497889847,0.00045330498633790395,1,7
POLR2A,protein,3,,,0.01713254789036574,0.00616111502490584,0.0011267508846061428,2,4
IL13,cytokine,18,,,0.16033337430278768,0.007123670052012604,0.013273612728736624,4,0
G3BP1,protein,1,,,0.0,0.00668595216984013,0.0007618570278700391,1,0
IL2RA,receptor,1,,,0.0,0.006226964092546066,0.0010584711843829764,1,0
IL5,cytokine,11,,,0.06696515840546886,0.007083419789214599,0.003957868094886843,4,0
PRMT1,protein,3,,,0.0004696855301740031,0.006647465319642363,0.0015078187866056272,3,0
GNAI2,protein,1,,,0.0,0.007082329840684649,0.0005022451035593781,1,0
IL6ST,protein,2,,,0.014170163702234003,0.006980141018077603,0.0004738307698638417,2,4
XRCC6,protein,1,,,0.0,0.006473955615416361,0.0008642982175441208,1,0
H2AFY,protein,1,,,0.0,0.006150060111331336,0.0025172625271827932,1,5
MMP9,protein,3,,,0.0,0.005823155110564551,0.003063993786309076,3,1
SIRT1,protein,1,,,0.0,0.006922848068595317,0.0005599794354652738,1,0
HMGA1,protein,3,,,0.0,0.006415430778208837,0.002226713450040883,3,0
STAT6,protein,10,,,0.03928195178480501,0.006858594795479096,0.0037761732539778165,5,1
HNRNPA1,protein,3,,,0.017611744186727077,0.007058899483215959,0.0011645204279295686,3,0
IDO1,protein,2,,,0.0,0.006499422034866982,0.0010332467301802902,2,0
IFI16,protein,1,,,0.0,0.00586758967605948,0.0004679708446465766,1,12
IFNA2,cytokine,7,,,0.02917522635623526,0.00692463353491287,0.003157036554169724,5,0
IFNGR1,cytokine,9,,,0.010932991531028507,0.006927909282940395,0.004877743571653318,5,0
IFNL1,cytokine,8,,,0.0,0.006578783622175563,0.0035217080101825073,5,0
MIR208B,protein,2,,,0.0028576194405913647,0.006422080350663279,0.0005990326754101501,2,0
MIR499A,protein,2,,,0.0028576194405913647,0.006422080350663279,0.0005990326754101501,2,0
IFNL2,cytokine,3,,,2.633750636489737e-05,0.006259871944518566,0.003467915516786998,2,0
IFNL3,cytokine,11,,,0.01711937913718329,0.006593998262672193,0.0065460334042429045,5,0
IL10RA,protein,2,,,0.0,0.006818533588259249,0.0009844952184495165,2,1
IL10,cytokine,14,,,0.0466887901720132,0.006908745558323707,0.004554254182527298,5,0
SPIB,protein,1,,,0.0,0.006765556866835203,0.000578616283950575,1,0
IL11RA,protein,1,,,0.0,0.006700691494133604,0.0004581624181435556,1,7
IL11,cytokine,7,,,0.029211806226186496,0.006987558808745061,0.008645810287680125,2,7
STAT4,protein,2,,,0.0,0.00674742092382044,0.0012215921261934466,2,0
PUF60,protein,1,,,0.0,0.00668595216984013,0.0007618570278700391,1,0
IL2RG,receptor,4,,,0.016074658051375694,0.006972588060777918,0.0011956464743798371,3,0
IL13RA1,protein,1,,,0.0,0.007021517436961732,0.0005143161016473648,1,0
IL17RB,protein,1,,,0.0,0.00032873109796186715,0.0022776601177663964,1,11
IL17RA,protein,1,,,0.0,0.00032873109796186715,0.0022776601177663964,1,11
IL25,cytokine,2,,,1.7558337576598247e-05,0.0004930966469428007,0.004316482218999217,1,11
IL18,cytokine,7,,,0.023317472301722472,0.0065915699812276445,0.006413052330513522,2,2
IL18R1,protein,2,,,0.0,0.006177772114977586,0.0033983482809169423,2,2
IL20RB,protein,3,,,0.015275753691640475,0.0067978173076298845,0.002390965469152586,2,5
RUNX1T1,protein,1,,,0.0,0.0067366986390755244,0.0011315387868139758,1,5
IL1RAP,receptor,1,,,0.0,0.006875572964413702,0.001066698779369876,1,2
IL26,cytokine,1,,,0.0,0.0029585798816568047,0.002957267484844004,1,14
IL21,cytokine,6,,,0.0019603883904271945,0.006882181973991798,0.0031565683430297775,3,0
IL22,cytokine,3,,,0.011328054126501971,0.006769963840062744,0.0028089109009556985,1,1
IL24,cytokine,4,,,0.02209131506095669,0.006837054348366566,0.006099532309502623,2,5
PELP1,protein,1,,,0.0,0.006150060111331336,0.0025172625271827932,1,5
IL3,cytokine,6,,,0.006054700074330296,0.006737543896119323,0.004957488529603973,3,0
POU2F1,protein,4,,,0.01856121129118161,0.006983318141891021,0.0013891455321533954,3,0
ITGAV,protein,1,,,0.0,0.0065810680620223055,0.0011424129027446171,1,2
IL32,cytokine,3,,,0.011483152775095254,0.006670725048394915,0.0028777460297318364,1,2
PXN,protein,1,,,0.0,0.0065810680620223055,0.0011424129027446171,1,2
IL5RA,receptor,1,,,0.0,0.006884240702387257,0.0007239178332218653,1,0
POU2F2,protein,1,,,0.0,0.006932977903090593,0.0006538359055980491,1,0
TET2,protein,1,,,0.0,0.005626680447641956,0.0006938975038363372,1,4
IL7,cytokine,4,,,0.007634950456224137,0.006883505300867967,0.0017145710109107187,3,0
IL9,cytokine,2,,,0.005750355556335926,0.006522447701528961,0.004112168167929049,1,9
XRCC5,protein,1,,,0.0,0.006473955615416361,0.0008642982175441208,1,0
IRF9,protein,3,,,0.0,0.007002746182538765,0.002034666146216839,3,1
JAK1,protein,3,,,0.0,0.006571001572695913,0.001749766338807329,3,1
NFKBIZ,protein,1,,,0.0,0.006886006307303555,0.0005367017188986643,1,0
LITAF,protein,1,,,0.0,0.006874252685408821,0.0005793776542550528,1,0
LRRFIP1,protein,1,,,0.0,0.0067324755331082,0.0006375723106243893,1,0
MAPKAP1,protein,1,,,0.0,0.006675977478966992,0.0006690339501800671,1,1
PABPC1,protein,1,,,0.0,0.006644175309585623,0.0008875151226730161,1,0
TBP,protein,3,,,0.0,0.006391124119503809,0.0013700631139489455,3,0
MIR187,protein,1,,,0.0,0.007124300130736469,0.00048238656030615836,1,0
MIR203A,protein,2,,,0.023013127783728094,0.006996359451747541,0.0011886038430680554,2,5
PPP1R12C,protein,1,,,0.0,0.005577877308826322,0.00047906527078761123,1,3
SSSCA1,protein,1,,,0.0,0.00031033994917309876,0.0055131577099214926,1,3
TIAL1,protein,1,,,0.0,0.006981351010020066,0.0005609000843921556,1,0
TNFRSF1B,receptor,1,,,0.0,0.0017197006122829008,0.008862417077490626,1,0
CSF1,cytokine,2,,,1.7558337576598247e-05,0.0013149243918474686,0.004316482218999217,1,10
CCL21,cytokine,3,,,0.032563839189038934,0.006874986111139169,0.0017032837948288088,3,1
KHDRBS1,protein,1,,,0.0,0.00668595216984013,0.0007618570278700391,1,0
IL6R,receptor,1,,,0.0,0.006894257785984766,0.00047140205396101583,1,4
CXCL13,cytokine,1,,,0.0,0.006557760866101363,0.0010572328530319144,1,1
IFNA4,cytokine,3,,,0.011474373606306954,0.006011668267202039,0.004497686944573496,1,12
CEBPA,protein,1,,,0.0,0.002379642739799592,0.0004557038206756252,1,0
SDC1,protein,1,,,0.0,0.007031477905598438,0.0005315725939757668,1,0
SH3GL2,protein,1,,,0.0,0.0003587115673412783,0.01846572156262763,1,4
PARP1,protein,1,,,0.0,0.006008529131931409,0.00098712267619001,1,1
UNC119,protein,1,,,0.0,0.000358150527252828,0.002119837686437374,1,6
GTF2B,protein,1,,,0.0,0.006391124119503809,0.0007112830739893795,1,0
MYB,protein,2,,,0.0,0.006910820212188199,0.0008080438241926081,2,0
HIST3H3,protein,1,,,0.0,0.00540232648287909,0.0017633271914640934,1,0
C14orf1,protein,1,,,0.0,0.000358150527252828,0.002119837686437374,1,6
CR2,protein,1,,,0.0,0.006668653994958522,0.0005234195728444884,1,0
CRMP1,protein,1,,,0.0,0.000358150527252828,0.002119837686437374,1,6
PITPNM3,protein,1,,,0.0,0.006785505014793522,0.00044488352362452566,1,6
CCR6,receptor,1,,,0.0,0.006698323266370604,0.000936768513035517,1,1
FPR2,protein,1,,,0.0,0.006567519040980595,0.0005670500045297773,1,1
FCGR1A,protein,1,,,0.0,0.006294973801579189,0.0004452794154914107,1,3
MAGEA11,protein,1,,,0.0,0.0003117645655689321,0.007732166547106907,1,7
ILF2,protein,2,,,0.0,0.00673796660418734,0.0012057820278164545,2,0
IFNA14,cytokine,6,,,3.5116675153196497e-06,0.006817523627508538,0.002759826504827158,5,0
IFNA7,cytokine,4,,,3.5116675153196497e-06,0.006306679764175349,0.0022500324368387326,4,0
SYNCRIP,protein,1,,,0.0,0.006644175309585623,0.0008875151226730161,1,0
PROX1,protein,1,,,0.0,0.0069842264228485405,0.0004746273214506219,1,0
CXCL12,cytokine,2,,,0.005750355556335926,0.005865026197117014,0.0014931337805100507,1,1
CXCL14,cytokine,2,,,0.005750355556335926,0.006761439405519843,0.003533809056730906,1,13
MMP8,protein,2,,,0.0,0.006606843889439897,0.0011608235797495891,2,1
EHMT1,protein,1,,,0.0,0.005201468294734203,0.0019686196243788143,1,0
RPS3,protein,2,,,0.0,0.006221913545225769,0.001800762456962956,2,0
CYP2E1,protein,1,,,0.0,0.007007772514190579,0.0004811178735594201,1,0
DMRTB1,protein,1,,,0.0,0.00031033994917309876,0.0055131577099214926,1,3
FOXK2,protein,1,,,0.0,0.006932232052680381,0.0005406766061460284,1,0
FOXP3,protein,1,,,0.0,0.006932232052680381,0.0005406766061460284,1,0
IL1RL1,receptor,1,,,0.0,0.006509927849196356,0.0020636726299991166,1,2
IFNW1,cytokine,1,,,0.0,0.006768257234048822,0.0005788564191986805,1,1
MIRLET7C,protein,1,,,0.0,0.006860347268384848,0.0004885988431345921,1,0
IL13RA2,protein,1,,,0.0,0.006971531950934243,0.0005496790911077469,1,0
IL15RA,protein,1,,,0.0,0.006086393930641266,0.00044673528346698206,1,8
PPP1R12A,protein,1,,,0.0,0.005577877308826322,0.00047906527078761123,1,3
PPP1R12B,protein,1,,,0.0,0.005577877308826322,0.00047906527078761123,1,3
IL19,cytokine,3,,,0.018920571933582656,0.006830676499161,0.0020234277123936935,2,5
IL20,cytokine,1,,,0.0,0.006704735279319641,0.0010242746329513928,1,5
IL20RA,protein,1,,,0.0,0.0029585798816568047,0.002957267484844004,1,14
IL22RA1,protein,1,,,0.0,0.006587796207340995,0.0013118132609626534,1,1
IL22RA2,protein,1,,,0.0,0.006587796207340995,0.0013118132609626534,1,1
